{
    "global_iou": 0.5806491751288648,
    "global_dice": 0.7346970906197785,
    "global_precision": 0.8099712132682338,
    "global_recall": 0.6722243763728886,
    "global_f1": 0.7346965949382781,
    "confusion_matrix": {
        "tp": 1180627,
        "fp": 276989,
        "fn": 575672,
        "tn": 18938232
    }
}